doc	context	sigla	epoch
HT1	LMIB	LMIB	LM
HT2	LMIB	LMIB	LM
HT3	LMIB	LMIB	LM
HT4	LMIB	LMIB	LM
HT5	LMIB	LMIB	LM
HT6a	LMIB	LMIB	LM
HT6b	LMIB	LMIB	LM
HT7a	LMIB	LMIB	LM
HT7b	LMIB	LMIB	LM
HT8a	LMIB	LMIB	LM
HT8b	LMIB	LMIB	LM
HT9a	LMIB	LMIB	LM
HT9b	LMIB	LMIB	LM
HT10a	LMIB	LMIB	LM
HT10b	LMIB	LMIB	LM
HT11a	LMIB	LMIB	LM
HT11b	LMIB	LMIB	LM
HT12	LMIB	LMIB	LM
HT13	LMIB	LMIB	LM
HT14	LMIB	LMIB	LM
HT15	LMIB	LMIB	LM
HT16	LMIB	LMIB	LM
HT17	LMIB	LMIB	LM
HT18	LMIB	LMIB	LM
HT19	LMIB	LMIB	LM
HT20	LMIB	LMIB	LM
HT21	LMIB	LMIB	LM
HT22	LMIB	LMIB	LM
HT23a	LMIB	LMIB	LM
HT23b	LMIB	LMIB	LM
HT24a	LMIB	LMIB	LM
HT24b	LMIB	LMIB	LM
HT25a	LMIB	LMIB	LM
HT25b	LMIB	LMIB	LM
HT26a	LMIB	LMIB	LM
HT26b	LMIB	LMIB	LM
HT27a	LMIB	LMIB	LM
HT27b	LMIB	LMIB	LM
HT28a	LMIB	LMIB	LM
HT28b	LMIB	LMIB	LM
HT29	LMIB	LMIB	LM
HT30	LMIB	LMIB	LM
HT31	LMIB	LMIB	LM
HT32	LMIB	LMIB	LM
HT33	LMIB	LMIB	LM
HT34	LMIB	LMIB	LM
HT35	LMIB	LMIB	LM
HT36	LMIB	LMIB	LM
HT37	LMIB	LMIB	LM
HT38	LMIB	LMIB	LM
HT39	LMIB	LMIB	LM
HT40	LMIB	LMIB	LM
HT41a	LMIB	LMIB	LM
HT41b	LMIB	LMIB	LM
HT42+59	LMIB		LM
HT43	LMIB	LMIB	LM
HT44a	LMIB	LMIB	LM
HT44b	LMIB	LMIB	LM
HT45a	LMIB	LMIB	LM
HT45b	LMIB	LMIB	LM
HT46a	LMIB	LMIB	LM
HT46b	LMIB	LMIB	LM
HT47a	LMIB	LMIB	LM
HT47b	LMIB	LMIB	LM
HT49a	LMIB	LMIB	LM
HT49b	LMIB	LMIB	LM
HT50a	LMIB	LMIB	LM
HT50b	LMIB	LMIB	LM
HT51a	LMIB	LMIB	LM
HT51b	LMIB	LMIB	LM
HT52a	LMIB	LMIB	LM
HT52b	LMIB	LMIB	LM
HT53a	LMIB	LMIB	LM
HT53b	LMIB	LMIB	LM
HT54a	LMIB	LMIB	LM
HT54b	LMIB	LMIB	LM
HT55a	LMIB	LMIB	LM
HT55b	LMIB	LMIB	LM
HT56a	LMIB	LMIB	LM
HT56b	LMIB	LMIB	LM
HT57a	LMIB	LMIB	LM
HT57b	LMIB	LMIB	LM
HT58	LMIB	LMIB	LM
HT60	LMIB	LMIB	LM
HT61	LMIB	LMIB	LM
HT62+73	LMIB		LM
HT63	LMIB	LMIB	LM
HT64	LMIB	LMIB	LM
HT65	LMIB	LMIB	LM
HT66	LMIB	LMIB	LM
HT67	LMIB		LM
HT68	LMIB	LMIB	LM
HT69	LMIB	LMIB	LM
HT70	LMIB	LMIB	LM
HT72	LMIB	LMIB	LM
HT74	LMIB	LMIB	LM
HT75	LMIB	LMIB	LM
HT78	LMIB	LMIB	LM
HT79+83	LMIB		LM
HT80	LMIB	LMIB	LM
HT81	LMIB	LMIB	LM
HT82	LMIB	LMIB	LM
HT84	LMIB	LMIB	LM
HT85a	LMIB	LMIB	LM
HT85b	LMIB	LMIB	LM
HT86a	LMIB	LMIB	LM
HT86b	LMIB	LMIB	LM
HT87	LMIB	LMIB	LM
HT88	LMIB	LMIB	LM
HT89	LMIB	LMIB	LM
HT90	LMIB	LMIB	LM
HT91	LMIB	LMIB	LM
HT92	LMIB	LMIB	LM
HT93a	LMIB	LMIB	LM
HT93b	LMIB	LMIB	LM
HT94a	LMIB	LMIB	LM
HT94b	LMIB	LMIB	LM
HT95a	LMIB	LMIB	LM
HT95b	LMIB	LMIB	LM
HT96a	LMIB	LMIB	LM
HT96b	LMIB	LMIB	LM
HT97a	LMIB	LMIB	LM
HT97b	LMIB	LMIB	LM
HT98a	LMIB	LMIB	LM
HT98b	LMIB	LMIB	LM
HT99a	LMIB	LMIB	LM
HT99b	LMIB	LMIB	LM
HT100	LMIB	LMIB	LM
HT101	LMIB	LMIB	LM
HT102	LMIB	LMIB	LM
HT103	LMIB	LMIB	LM
HT104	LMIB	LMIB	LM
HT105	LMIB		LM
HT106	LMIB		LM
HT107	LMIB	LMIB	LM
HT108	LMIB	LMIB	LM
HT109	LMIB	LMIB	LM
HT110a	LMIB	LMIB	LM
HT110b	LMIB	LMIB	LM
HT111a	LMIB		LM
HT111b	LMIB		LM
HT112a	LMIB	LMIB	LM
HT112b	LMIB	LMIB	LM
HT113	LMIB	LMIB	LM
HT113ter	LMIB		LM
HT114a	LMIB	LMIB	LM
HT114b	LMIB	LMIB	LM
HT115a	LMIB	LMIB	LM
HT115b	LMIB	LMIB	LM
HT116a	LMIB	LMIB	LM
HT116b	LMIB	LMIB	LM
HT117a	LMIB	LMIB	LM
HT117b	LMIB	LMIB	LM
HT118	LMIB	LMIB	LM
HT119	LMIB	LMIB	LM
HT120	LMIB	LMIB	LM
HT121	LMIB	LMIB	LM
HT122a	LMIB	LMIB	LM
HT122b	LMIB	LMIB	LM
HT123+124a	LMIB		LM
HT123+124b	LMIB		LM
HT125a	LMIB		LM
HT125b	LMIB		LM
HT126a	LMIB	LMIB	LM
HT126b	LMIB	LMIB	LM
HT127a	LMIB	LMIB	LM
HT127b	LMIB	LMIB	LM
HT128a	LMIB	LMIB	LM
HT128b	LMIB	LMIB	LM
HT129	LMIB	LMIB	LM
HT130	LMIB	LMIB	LM
HT131a	LMIB	LMIB	LM
HT131b	LMIB	LMIB	LM
HT132	LMIB	LMIB	LM
HT133	LMIB	LMIB	LM
HT135a	LMIB	LMIB	LM
HT135b	LMIB	LMIB	LM
HT136a	LMIB	LMIB	LM
HT136b	LMIB	LMIB	LM
HT137	LMIB	LMIB	LM
HT139	LMIB	LMIB	LM
HT140	LMIB	LMIB	LM
HT141	LMIB	LMIB	LM
HT142	LMIB	LMIB	LM
HT144	LMIB	LMIB	LM
HT146	LMIB	LMIB	LM
HT147	LMIB	LMIB	LM
HT154.	LMIB		LM
HT154a	LMIB	LMIB	LM
HT154b	LMIB	LMIB	LM
HT154c	LMIB	LMIB	LM
HT154e	LMIB		LM
HT154g	LMIB		LM
HT154ja	LMIB		LM
HT154jb	LMIB		LM
HT154k	LMIB		LM
HT154l	LMIB		LM
HT154m	LMIB		LM
HT154n	LMIB		LM
HTW231a	LMIB		LM
HTW231b	LMIB		LM
HTW231c	LMIB		LM
HTW231d	LMIB		LM
HTW231e	LMIB		LM
HTW231f	LMIB		LM
HTWa1001	LMIB	LMIB	LM
HTWa1002	LMIB	LMIB	LM
HTWa1003	LMIB	LMIB	LM
HTWa1004	LMIB	LMIB	LM
HTWa1005	LMIB	LMIB	LM
HTWa1006	LMIB	LMIB	LM
HTWa1007	LMIB	LMIB	LM
HTWa1008	LMIB	LMIB	LM
HTWa1009	LMIB	LMIB	LM
HTWa1010	LMIB	LMIB	LM
HTWa1011	LMIB	LMIB	LM
HTWa1012	LMIB	LMIB	LM
HTWa1013	LMIB	LMIB	LM
HTWa1014	LMIB	LMIB	LM
HTWa1015	LMIB	LMIB	LM
HTWa1016	LMIB	LMIB	LM
HTWa1017	LMIB	LMIB	LM
HTWa1018	LMIB	LMIB	LM
HTWa1019	LMIB		LM
HTWa1020	LMIB		LM
HTWa1021	LMIB		LM
HTWa1021bis	LMIB		LM
HTWa1022	LMIB	LMIB	LM
HTWa1023	LMIB		LM
HTWa1024	LMIB	LMIB	LM
HTWa1025	LMIB		LM
HTWa1026	LMIB		LM
HTWa1027	LMIB		LM
HTWa1028	LMIB		LM
HTWa1029	LMIB		LM
HTWa1030	LMIB		LM
HTWa1031	LMIB	LMIB	LM
HTWa1032	LMIB	LMIB	LM
HTWa1033	LMIB		LM
HTWa1034	LMIB		LM
HTWa1035	LMIB		LM
HTWa1036	LMIB		LM
HTWa1037	LMIB		LM
HTWa1038	LMIB		LM
HTWa1039	LMIB		LM
HTWa1040	LMIB		LM
HTWa1041	LMIB		LM
HTWa1042	LMIB		LM
HTWa1043	LMIB		LM
HTWa1044	LMIB		LM
HTWa1045	LMIB		LM
HTWa1046	LMIB		LM
HTWa1047	LMIB		LM
HTWa1048	LMIB		LM
HTWa1049	LMIB		LM
HTWa1050	LMIB		LM
HTWa1051	LMIB		LM
HTWa1052	LMIB		LM
HTWa1053	LMIB		LM
HTWa1054	LMIB		LM
HTWa1055	LMIB		LM
HTWa1056	LMIB		LM
HTWa1057	LMIB		LM
HTWa1058	LMIB		LM
HTWa1059	LMIB		LM
HTWa1060	LMIB		LM
HTWa1061	LMIB		LM
HTWa1062	LMIB		LM
HTWa1063	LMIB		LM
HTWa1064	LMIB		LM
HTWa1065	LMIB		LM
HTWa1066	LMIB		LM
HTWa1067	LMIB		LM
HTWa1068	LMIB		LM
HTWa1069	LMIB		LM
HTWa1070	LMIB		LM
HTWa1073	LMIB		LM
HTWa1074	LMIB		LM
HTWa1075	LMIB		LM
HTWa1076	LMIB		LM
HTWa1077	LMIB		LM
HTWa1078	LMIB		LM
HTWa1079	LMIB		LM
HTWa1080	LMIB		LM
HTWa1081	LMIB		LM
HTWa1082	LMIB		LM
HTWa1083	LMIB		LM
HTWa1084	LMIB		LM
HTWa1085	LMIB		LM
HTWa1086	LMIB		LM
HTWa1087	LMIB		LM
HTWa1088	LMIB		LM
HTWa1089	LMIB		LM
HTWa1090	LMIB		LM
HTWa1091	LMIB		LM
HTWa1092	LMIB		LM
HTWa1093	LMIB		LM
HTWa1094	LMIB		LM
HTWa1095	LMIB		LM
HTWa1096	LMIB		LM
HTWa1097	LMIB		LM
HTWa1098	LMIB		LM
HTWa1099	LMIB		LM
HTWa1100	LMIB		LM
HTWa1101	LMIB		LM
HTWa1102	LMIB		LM
HTWa1103	LMIB		LM
HTWa1104	LMIB		LM
HTWa1105	LMIB		LM
HTWa1106	LMIB		LM
HTWa1107	LMIB		LM
HTWa1108	LMIB		LM
HTWa1109	LMIB		LM
HTWa1110	LMIB		LM
HTWa1111	LMIB		LM
HTWa1112	LMIB		LM
HTWa1113	LMIB		LM
HTWa1114	LMIB		LM
HTWa1115	LMIB		LM
HTWa1116	LMIB		LM
HTWa1117	LMIB		LM
HTWa1118	LMIB		LM
HTWa1119	LMIB		LM
HTWa1120	LMIB		LM
HTWa1121	LMIB		LM
HTWa1122	LMIB		LM
HTWa1123	LMIB		LM
HTWa1124	LMIB		LM
HTWa1125	LMIB		LM
HTWa1126	LMIB		LM
HTWa1127	LMIB		LM
HTWa1128	LMIB	LMIB	LM
HTWa1129	LMIB		LM
HTWa1130	LMIB		LM
HTWa1131	LMIB		LM
HTWa1132	LMIB		LM
HTWa1133	LMIB		LM
HTWa1134	LMIB		LM
HTWa1135	LMIB		LM
HTWa1136	LMIB		LM
HTWa1137	LMIB		LM
HTWa1138	LMIB		LM
HTWa1139	LMIB		LM
HTWa1140	LMIB		LM
HTWa1141	LMIB		LM
HTWa1142	LMIB		LM
HTWa1143	LMIB		LM
HTWa1144	LMIB		LM
HTWa1145	LMIB		LM
HTWa1146	LMIB		LM
HTWa1147	LMIB	LMIB	LM
HTWa1148	LMIB	LMIB	LM
HTWa1149	LMIB		LM
HTWa1150	LMIB	LMIB	LM
HTWa1151	LMIB		LM
HTWa1152	LMIB		LM
HTWa1153	LMIB		LM
HTWa1154	LMIB		LM
HTWa1155	LMIB		LM
HTWa1156	LMIB		LM
HTWa1157	LMIB		LM
HTWa1158	LMIB		LM
HTWa1159	LMIB		LM
HTWa1160	LMIB		LM
HTWa1161	LMIB		LM
HTWa1162	LMIB		LM
HTWa1163	LMIB		LM
HTWa1164	LMIB		LM
HTWa1165	LMIB		LM
HTWa1166	LMIB		LM
HTWa1167	LMIB		LM
HTWa1168	LMIB		LM
HTWa1169	LMIB		LM
HTWa1170	LMIB	LMIB	LM
HTWa1171	LMIB		LM
HTWa1172	LMIB	LMIB	LM
HTWa1173	LMIB		LM
HTWa1174	LMIB		LM
HTWa1175	LMIB		LM
HTWa1176	LMIB	LMIB	LM
HTWa1177	LMIB		LM
HTWa1178	LMIB		LM
HTWa1179	LMIB		LM
HTWa1180	LMIB		LM
HTWa1181	LMIB		LM
HTWa1182	LMIB		LM
HTWa1183	LMIB		LM
HTWa1184	LMIB		LM
HTWa1185	LMIB		LM
HTWa1186	LMIB		LM
HTWa1187	LMIB		LM
HTWa1188	LMIB		LM
HTWa1189	LMIB		LM
HTWa1190	LMIB		LM
HTWa1191	LMIB		LM
HTWa1192	LMIB		LM
HTWa1193	LMIB		LM
HTWa1194	LMIB		LM
HTWa1195	LMIB		LM
HTWa1196	LMIB		LM
HTWa1197	LMIB		LM
HTWa1198	LMIB		LM
HTWa1199	LMIB	LMIB	LM
HTWa1200	LMIB		LM
HTWa1201	LMIB		LM
HTWa1202	LMIB		LM
HTWa1203	LMIB		LM
HTWa1204	LMIB		LM
HTWa1205	LMIB	LMIB	LM
HTWa1206	LMIB	LMIB	LM
HTWa1207	LMIB		LM
HTWa1208	LMIB		LM
HTWa1209	LMIB		LM
HTWa1210	LMIB		LM
HTWa1211	LMIB		LM
HTWa1212	LMIB		LM
HTWa1213	LMIB		LM
HTWa1214	LMIB		LM
HTWa1215	LMIB		LM
HTWa1216	LMIB		LM
HTWa1217	LMIB		LM
HTWa1218	LMIB		LM
HTWa1219	LMIB		LM
HTWa1220	LMIB		LM
HTWa1221	LMIB		LM
HTWa1222	LMIB		LM
HTWa1223	LMIB		LM
HTWa1224	LMIB		LM
HTWa1225	LMIB		LM
HTWa1226	LMIB		LM
HTWa1227	LMIB		LM
HTWa1228	LMIB		LM
HTWa1229	LMIB		LM
HTWa1230	LMIB		LM
HTWa1231	LMIB		LM
HTWa1232	LMIB		LM
HTWa1233	LMIB		LM
HTWa1234	LMIB		LM
HTWa1235	LMIB		LM
HTWa1236	LMIB	LMIB	LM
HTWa1237	LMIB		LM
HTWa1238	LMIB		LM
HTWa1239	LMIB		LM
HTWa1240	LMIB		LM
HTWa1241	LMIB		LM
HTWa1242	LMIB	LMIB	LM
HTWa1243	LMIB		LM
HTWa1244	LMIB	LMIB	LM
HTWa1245	LMIB		LM
HTWa1246	LMIB		LM
HTWa1247	LMIB		LM
HTWa1248	LMIB		LM
HTWa1249	LMIB		LM
HTWa1250	LMIB		LM
HTWa1251	LMIB		LM
HTWa1252	LMIB	LMIB	LM
HTWa1253	LMIB		LM
HTWa1254	LMIB		LM
HTWa1255	LMIB	LMIB	LM
HTWa1256	LMIB	LMIB	LM
HTWa1257	LMIB		LM
HTWa1258	LMIB		LM
HTWa1259	LMIB		LM
HTWa1260	LMIB		LM
HTWa1261	LMIB		LM
HTWa1262	LMIB		LM
HTWa1263	LMIB		LM
HTWa1264	LMIB		LM
HTWa1265	LMIB		LM
HTWa1266	LMIB		LM
HTWa1267	LMIB		LM
HTWa1268	LMIB	LMIB	LM
HTWa1269	LMIB		LM
HTWa1270	LMIB		LM
HTWa1271	LMIB		LM
HTWa1272	LMIB		LM
HTWa1273	LMIB		LM
HTWa1274	LMIB		LM
HTWa1275	LMIB		LM
HTWa1276	LMIB		LM
HTWa1277	LMIB		LM
HTWa1278	LMIB	LMIB	LM
HTWa1279	LMIB	LMIB	LM
HTWa1280	LMIB	LMIB	LM
HTWa1281	LMIB	LMIB	LM
HTWa1282	LMIB	LMIB	LM
HTWa1283	LMIB	LMIB	LM
HTWa1284	LMIB		LM
HTWa1285	LMIB		LM
HTWa1286	LMIB		LM
HTWa1287	LMIB	LMIB	LM
HTWa1288	LMIB		LM
HTWa1289	LMIB		LM
HTWa1290	LMIB		LM
HTWa1291	LMIB		LM
HTWa1292	LMIB	LMIB	LM
HTWa1293	LMIB	LMIB	LM
HTWa1294	LMIB	LMIB	LM
HTWa1295	LMIB	LMIB	LM
HTWa1296	LMIB		LM
HTWa1297	LMIB		LM
HTWa1298	LMIB	LMIB	LM
HTWa1299	LMIB		LM
HTWa1300	LMIB		LM
HTWa1301	LMIB		LM
HTWa1302	LMIB		LM
HTWa1303	LMIB	LMIB	LM
HTWa1304	LMIB		LM
HTWa1305	LMIB	LMIB	LM
HTWa1306	LMIB		LM
HTWa1307	LMIB	LMIB	LM
HTWa1308	LMIB	LMIB	LM
HTWa1309	LMIB		LM
HTWa1310	LMIB		LM
HTWa1311	LMIB		LM
HTWa1312	LMIB		LM
HTWa1313	LMIB		LM
HTWa1314	LMIB		LM
HTWa1315	LMIB		LM
HTWa1316	LMIB		LM
HTWa1317	LMIB	LMIB	LM
HTWa1318	LMIB		LM
HTWa1319	LMIB	LMIB	LM
HTWa1320	LMIB		LM
HTWa1321	LMIB		LM
HTWa1322	LMIB		LM
HTWa1323	LMIB	LMIB	LM
HTWa1324	LMIB	LMIB	LM
HTWa1325	LMIB		LM
HTWa1326	LMIB		LM
HTWa1327	LMIB		LM
HTWa1328	LMIB		LM
HTWa1329	LMIB		LM
HTWa1330	LMIB		LM
HTWa1331	LMIB		LM
HTWa1332	LMIB		LM
HTWa1333	LMIB		LM
HTWa1334	LMIB		LM
HTWa1335	LMIB		LM
HTWa1336	LMIB		LM
HTWa1337	LMIB		LM
HTWa1338	LMIB		LM
HTWa1339	LMIB		LM
HTWa1340	LMIB		LM
HTWa1341	LMIB		LM
HTWa1342	LMIB		LM
HTWa1343	LMIB		LM
HTWa1344	LMIB		LM
HTWa1345	LMIB		LM
HTWa1346	LMIB		LM
HTWa1347	LMIB		LM
HTWa1348	LMIB		LM
HTWa1349	LMIB		LM
HTWa1350	LMIB		LM
HTWa1351	LMIB		LM
HTWa1352	LMIB		LM
HTWa1353	LMIB		LM
HTWa1354	LMIB		LM
HTWa1355	LMIB		LM
HTWa1356	LMIB		LM
HTWa1357	LMIB		LM
HTWa1358	LMIB		LM
HTWa1359	LMIB		LM
HTWa1360	LMIB		LM
HTWa1361	LMIB		LM
HTWa1362	LMIB		LM
HTWa1363	LMIB		LM
HTWa1364	LMIB		LM
HTWa1365	LMIB		LM
HTWa1366	LMIB		LM
HTWa1367	LMIB		LM
HTWa1368	LMIB		LM
HTWa1369	LMIB		LM
HTWa1370	LMIB		LM
HTWa1371	LMIB		LM
HTWa1372	LMIB		LM
HTWa1373	LMIB		LM
HTWa1374	LMIB		LM
HTWa1375	LMIB		LM
HTWa1376	LMIB		LM
HTWa1377	LMIB		LM
HTWa1378	LMIB		LM
HTWa1379	LMIB		LM
HTWa1380	LMIB		LM
HTWa1381	LMIB		LM
HTWa1382	LMIB		LM
HTWa1383	LMIB		LM
HTWa1384	LMIB		LM
HTWa1385	LMIB		LM
HTWa1386	LMIB		LM
HTWa1387	LMIB		LM
HTWa1388	LMIB		LM
HTWa1389	LMIB		LM
HTWa1390	LMIB		LM
HTWa1391	LMIB		LM
HTWa1392	LMIB		LM
HTWa1393	LMIB		LM
HTWa1394	LMIB		LM
HTWa1395	LMIB		LM
HTWa1396	LMIB		LM
HTWa1397	LMIB		LM
HTWa1398	LMIB		LM
HTWa1399	LMIB		LM
HTWa1400	LMIB		LM
HTWa1401	LMIB		LM
HTWa1402	LMIB		LM
HTWa1403	LMIB		LM
HTWa1404	LMIB		LM
HTWa1405	LMIB		LM
HTWa1406	LMIB		LM
HTWa1407	LMIB		LM
HTWa1408	LMIB		LM
HTWa1409	LMIB		LM
HTWa1410	LMIB		LM
HTWa1411	LMIB		LM
HTWa1412	LMIB		LM
HTWa1413	LMIB		LM
HTWa1414	LMIB		LM
HTWa1415	LMIB		LM
HTWa1416	LMIB		LM
HTWa1417	LMIB		LM
HTWa1418	LMIB		LM
HTWa1419	LMIB		LM
HTWa1420	LMIB		LM
HTWa1421	LMIB		LM
HTWa1422	LMIB		LM
HTWa1423	LMIB		LM
HTWa1424	LMIB		LM
HTWa1425	LMIB		LM
HTWa1426	LMIB		LM
HTWa1427	LMIB		LM
HTWa1428	LMIB		LM
HTWa1429	LMIB		LM
HTWa1430	LMIB		LM
HTWa1431	LMIB		LM
HTWa1432	LMIB		LM
HTWa1433	LMIB		LM
HTWa1434	LMIB		LM
HTWa1435	LMIB		LM
HTWa1436	LMIB		LM
HTWa1437	LMIB		LM
HTWa1438	LMIB		LM
HTWa1439	LMIB		LM
HTWa1440	LMIB		LM
HTWa1441	LMIB		LM
HTWa1442	LMIB		LM
HTWa1443	LMIB		LM
HTWa1444	LMIB		LM
HTWa1445	LMIB		LM
HTWa1446	LMIB		LM
HTWa1447	LMIB		LM
HTWa1448	LMIB		LM
HTWa1449	LMIB		LM
HTWa1450	LMIB		LM
HTWa1451	LMIB	LMIB	LM
HTWa1452	LMIB		LM
HTWa1453	LMIB		LM
HTWa1454	LMIB		LM
HTWa1455	LMIB		LM
HTWa1456	LMIB		LM
HTWa1457	LMIB		LM
HTWa1458	LMIB		LM
HTWa1459	LMIB		LM
HTWa1460	LMIB		LM
HTWa1461	LMIB		LM
HTWa1462	LMIB		LM
HTWa1463	LMIB		LM
HTWa1464	LMIB		LM
HTWa1465	LMIB		LM
HTWa1466	LMIB		LM
HTWa1467	LMIB		LM
HTWa1468	LMIB		LM
HTWa1469	LMIB		LM
HTWa1470	LMIB		LM
HTWa1471	LMIB	LMIB	LM
HTWa1472	LMIB	LMIB	LM
HTWa1473	LMIB	LMIB	LM
HTWa1474	LMIB	LMIB	LM
HTWa1475	LMIB		LM
HTWa1476	LMIB		LM
HTWa1477	LMIB		LM
HTWa1478	LMIB		LM
HTWa1479	LMIB		LM
HTWa1480	LMIB		LM
HTWa1481	LMIB	LMIB	LM
HTWa1482	LMIB		LM
HTWa1483	LMIB		LM
HTWa1484	LMIB		LM
HTWa1485	LMIB		LM
HTWa1486	LMIB		LM
HTWa1487	LMIB		LM
HTWa1488	LMIB		LM
HTWa1489	LMIB		LM
HTWa1490	LMIB	LMIB	LM
HTWa1491	LMIB		LM
HTWa1492	LMIB		LM
HTWa1493	LMIB		LM
HTWa1494	LMIB		LM
HTWa1495	LMIB		LM
HTWa1496	LMIB		LM
HTWa1497	LMIB		LM
HTWa1498	LMIB		LM
HTWa1499	LMIB		LM
HTWa1500	LMIB		LM
HTWa1501	LMIB		LM
HTWa1502	LMIB		LM
HTWa1503	LMIB		LM
HTWa1504	LMIB		LM
HTWa1505	LMIB		LM
HTWa1506	LMIB		LM
HTWa1507	LMIB		LM
HTWa1508	LMIB	LMIB	LM
HTWa1509	LMIB		LM
HTWa1510	LMIB		LM
HTWa1511	LMIB		LM
HTWa1512	LMIB	LMIB	LM
HTWa1513	LMIB		LM
HTWa1514	LMIB		LM
HTWa1515	LMIB		LM
HTWa1516	LMIB		LM
HTWa1517	LMIB		LM
HTWa1518	LMIB	LMIB	LM
HTWa1519	LMIB		LM
HTWa1520	LMIB		LM
HTWa1521	LMIB		LM
HTWa1522	LMIB		LM
HTWa1523	LMIB		LM
HTWa1524	LMIB		LM
HTWa1525	LMIB		LM
HTWa1526	LMIB		LM
HTWa1527	LMIB		LM
HTWa1528	LMIB		LM
HTWa1529	LMIB		LM
HTWa1530	LMIB	LMIB	LM
HTWa1531	LMIB	LMIB	LM
HTWa1532	LMIB		LM
HTWa1533	LMIB	LMIB	LM
HTWa1534	LMIB		LM
HTWa1535	LMIB		LM
HTWa1536	LMIB		LM
HTWa1537	LMIB		LM
HTWa1538	LMIB	LMIB	LM
HTWa1539	LMIB		LM
HTWa1540	LMIB		LM
HTWa1541	LMIB		LM
HTWa1542	LMIB		LM
HTWa1543	LMIB		LM
HTWa1544	LMIB	LMIB	LM
HTWa1545	LMIB		LM
HTWa1546	LMIB		LM
HTWa1547	LMIB	LMIB	LM
HTWa1548	LMIB		LM
HTWa1549	LMIB		LM
HTWa1550	LMIB	LMIB	LM
HTWa1551	LMIB		LM
HTWa1552	LMIB		LM
HTWa1553	LMIB		LM
HTWa1554	LMIB		LM
HTWa1555	LMIB		LM
HTWa1556	LMIB		LM
HTWa1557	LMIB		LM
HTWa1558	LMIB		LM
HTWa1559	LMIB	LMIB	LM
HTWa1560	LMIB		LM
HTWa1561	LMIB	LMIB	LM
HTWa1562	LMIB	LMIB	LM
HTWa1563	LMIB		LM
HTWa1564	LMIB		LM
HTWa1565	LMIB		LM
HTWa1566	LMIB		LM
HTWa1567	LMIB		LM
HTWa1568	LMIB		LM
HTWa1569	LMIB		LM
HTWa1570	LMIB		LM
HTWa1571	LMIB		LM
HTWa1572	LMIB		LM
HTWa1573	LMIB		LM
HTWa1574	LMIB		LM
HTWa1575	LMIB		LM
HTWa1576	LMIB		LM
HTWa1577	LMIB		LM
HTWa1578	LMIB		LM
HTWa1579	LMIB	LMIB	LM
HTWa1580	LMIB		LM
HTWa1581	LMIB		LM
HTWa1582	LMIB		LM
HTWa1583	LMIB		LM
HTWa1584	LMIB	LMIB	LM
HTWa1585	LMIB		LM
HTWa1586	LMIB		LM
HTWa1587	LMIB	LMIB	LM
HTWa1588	LMIB		LM
HTWa1589	LMIB		LM
HTWa1590	LMIB	LMIB	LM
HTWa1591	LMIB		LM
HTWa1592	LMIB	LMIB	LM
HTWa1593	LMIB		LM
HTWa1594	LMIB		LM
HTWa1595	LMIB		LM
HTWa1596	LMIB		LM
HTWa1597	LMIB		LM
HTWa1598	LMIB	LMIB	LM
HTWa1599	LMIB		LM
HTWa1600	LMIB	LMIB	LM
HTWa1601	LMIB		LM
HTWa1602	LMIB		LM
HTWa1603	LMIB	LMIB	LM
HTWa1604	LMIB		LM
HTWa1605	LMIB		LM
HTWa1606	LMIB		LM
HTWa1607	LMIB		LM
HTWa1608	LMIB	LMIB	LM
HTWa1609	LMIB		LM
HTWa1610	LMIB	LMIB	LM
HTWa1611	LMIB		LM
HTWa1612	LMIB	LMIB	LM
HTWa1613	LMIB	LMIB	LM
HTWa1614	LMIB	LMIB	LM
HTWa1615	LMIB		LM
HTWa1616	LMIB		LM
HTWa1618	LMIB		LM
HTWa1619	LMIB		LM
HTWa1620	LMIB		LM
HTWa1621	LMIB		LM
HTWa1622	LMIB		LM
HTWa1623	LMIB	LMIB	LM
HTWa1624	LMIB	LMIB	LM
HTWa1625	LMIB	LMIB	LM
HTWa1626	LMIB		LM
HTWa1627	LMIB		LM
HTWa1628	LMIB		LM
HTWa1629	LMIB		LM
HTWa1630	LMIB		LM
HTWa1631	LMIB	LMIB	LM
HTWa1632	LMIB		LM
HTWa1633	LMIB		LM
HTWa1634	LMIB		LM
HTWa1635	LMIB		LM
HTWa1636	LMIB		LM
HTWa1637	LMIB		LM
HTWa1638	LMIB		LM
HTWa1639	LMIB	LMIB	LM
HTWa1640	LMIB		LM
HTWa1641	LMIB		LM
HTWa1642	LMIB		LM
HTWa1643	LMIB		LM
HTWa1644	LMIB		LM
HTWa1645	LMIB		LM
HTWa1646	LMIB		LM
HTWa1647	LMIB		LM
HTWa1648	LMIB		LM
HTWa1649	LMIB		LM
HTWa1650	LMIB		LM
HTWa1651	LMIB		LM
HTWa1652	LMIB		LM
HTWa1653	LMIB		LM
HTWa1654	LMIB	LMIB	LM
HTWa1655	LMIB		LM
HTWa1656	LMIB		LM
HTWa1657	LMIB		LM
HTWa1658	LMIB	LMIB	LM
HTWa1659	LMIB	LMIB	LM
HTWa1660	LMIB		LM
HTWa1661	LMIB		LM
HTWa1662	LMIB		LM
HTWa1664	LMIB		LM
HTWa1665	LMIB		LM
HTWa1666	LMIB		LM
HTWa1667	LMIB		LM
HTWa1668	LMIB		LM
HTWa1669	LMIB	LMIB	LM
HTWa1670	LMIB		LM
HTWa1671	LMIB		LM
HTWa1672	LMIB		LM
HTWa1673	LMIB		LM
HTWa1674	LMIB		LM
HTWa1675	LMIB		LM
HTWa1676	LMIB		LM
HTWa1677	LMIB		LM
HTWa1678	LMIB		LM
HTWa1679	LMIB		LM
HTWa1680	LMIB		LM
HTWa1681	LMIB		LM
HTWa1682	LMIB		LM
HTWa1683	LMIB		LM
HTWa1684	LMIB		LM
HTWa1685	LMIB		LM
HTWa1686	LMIB		LM
HTWa1687	LMIB		LM
HTWa1688	LMIB		LM
HTWa1689	LMIB		LM
HTWa1690	LMIB		LM
HTWa1691	LMIB		LM
HTWa1692	LMIB		LM
HTWa1693	LMIB		LM
HTWa1694	LMIB		LM
HTWa1695	LMIB		LM
HTWa1696	LMIB		LM
HTWa1697	LMIB		LM
HTWa1698	LMIB		LM
HTWa1699	LMIB		LM
HTWa1700	LMIB		LM
HTWa1701	LMIB		LM
HTWa1702	LMIB		LM
HTWa1703	LMIB		LM
HTWa1704	LMIB		LM
HTWa1705	LMIB		LM
HTWa1706	LMIB		LM
HTWa1707	LMIB		LM
HTWa1708	LMIB		LM
HTWa1709	LMIB		LM
HTWa1710	LMIB	LMIB	LM
HTWa1711	LMIB		LM
HTWa1712	LMIB		LM
HTWa1713	LMIB		LM
HTWa1714	LMIB		LM
HTWa1715	LMIB		LM
HTWa1716	LMIB		LM
HTWa1717	LMIB		LM
HTWa1718	LMIB		LM
HTWa1719	LMIB		LM
HTWa1720	LMIB	LMIB	LM
HTWa1721	LMIB		LM
HTWa1722	LMIB		LM
HTWa1723	LMIB	LMIB	LM
HTWa1724	LMIB		LM
HTWa1725	LMIB	LMIB	LM
HTWa1726	LMIB		LM
HTWa1727	LMIB		LM
HTWa1728	LMIB		LM
HTWa1729	LMIB		LM
HTWa1730	LMIB		LM
HTWa1731	LMIB		LM
HTWa1732	LMIB		LM
HTWa1733	LMIB		LM
HTWa1734	LMIB	LMIB	LM
HTWa1735	LMIB		LM
HTWa1736	LMIB		LM
HTWa1737	LMIB		LM
HTWa1738	LMIB		LM
HTWa1739	LMIB		LM
HTWa1740	LMIB		LM
HTWa1741	LMIB		LM
HTWa1742	LMIB		LM
HTWa1743	LMIB		LM
HTWa1744	LMIB		LM
HTWa1745	LMIB		LM
HTWa1746	LMIB		LM
HTWa1747	LMIB	LMIB	LM
HTWa1748	LMIB		LM
HTWa1749	LMIB		LM
HTWa1750	LMIB		LM
HTWa1751	LMIB	LMIB	LM
HTWa1752	LMIB		LM
HTWa1753	LMIB	LMIB	LM
HTWa1754	LMIB	LMIB	LM
HTWa1755	LMIB		LM
HTWa1756	LMIB		LM
HTWa1757	LMIB		LM
HTWa1758	LMIB	LMIB	LM
HTWa1759	LMIB		LM
HTWa1760	LMIB		LM
HTWa1761	LMIB		LM
HTWa1762	LMIB		LM
HTWa1763	LMIB		LM
HTWa1764	LMIB	LMIB	LM
HTWa1765	LMIB		LM
HTWa1766	LMIB	LMIB	LM
HTWa1767	LMIB		LM
HTWa1768	LMIB		LM
HTWa1769	LMIB		LM
HTWa1770	LMIB		LM
HTWa1771	LMIB		LM
HTWa1772	LMIB		LM
HTWa1773	LMIB		LM
HTWa1774	LMIB		LM
HTWa1775	LMIB		LM
HTWa1776	LMIB		LM
HTWa1777	LMIB		LM
HTWa1778	LMIB		LM
HTWa1779	LMIB		LM
HTWa1780	LMIB		LM
HTWa1781	LMIB		LM
HTWa1782	LMIB		LM
HTWa1783	LMIB		LM
HTWa1784	LMIB		LM
HTWa1785	LMIB		LM
HTWa1786	LMIB		LM
HTWa1787	LMIB		LM
HTWa1788	LMIB		LM
HTWa1789	LMIB		LM
HTWa1790	LMIB		LM
HTWa1791	LMIB		LM
HTWa1792	LMIB		LM
HTWa1793	LMIB	LMIB	LM
HTWa1794	LMIB		LM
HTWa1795	LMIB		LM
HTWa1796	LMIB		LM
HTWa1797	LMIB		LM
HTWa1798	LMIB		LM
HTWa1799	LMIB		LM
HTWa1800	LMIB		LM
HTWa1801	LMIB		LM
HTWa1802	LMIB		LM
HTWa1803	LMIB		LM
HTWa1804	LMIB		LM
HTWa1805	LMIB	LMIB	LM
HTWa1806	LMIB		LM
HTWa1807	LMIB		LM
HTWa1808	LMIB		LM
HTWa1809	LMIB	LMIB	LM
HTWa1810	LMIB		LM
HTWa1811	LMIB		LM
HTWa1812	LMIB		LM
HTWa1813	LMIB	LMIB	LM
HTWa1814	LMIB		LM
HTWa1815	LMIB		LM
HTWa1816	LMIB	LMIB	LM
HTWa1817	LMIB		LM
HTWa1818	LMIB		LM
HTWa1819	LMIB		LM
HTWa1820	LMIB		LM
HTWa1821	LMIB		LM
HTWa1822	LMIB		LM
HTWa1823	LMIB		LM
HTWa1824	LMIB		LM
HTWa1825	LMIB		LM
HTWa1826	LMIB		LM
HTWa1827	LMIB		LM
HTWa1828	LMIB		LM
HTWa1829	LMIB		LM
HTWa1830	LMIB		LM
HTWa1831	LMIB		LM
HTWa1832	LMIB		LM
HTWa1833	LMIB		LM
HTWa1834	LMIB		LM
HTWa1835	LMIB		LM
HTWa1836	LMIB		LM
HTWa1837	LMIB		LM
HTWa1838	LMIB		LM
HTWa1839	LMIB		LM
HTWa1840	LMIB		LM
HTWa1841	LMIB		LM
HTWa1842	LMIB		LM
HTWa1843	LMIB		LM
HTWa1844	LMIB		LM
HTWa1845+1733	LMIB		LM
HTWa1846	LMIB		LM
HTWa1847	LMIB		LM
HTWa1848	LMIB		LM
HTWa1849	LMIB	LMIB	LM
HTWa1850	LMIB	LMIB	LM
HTWa1851	LMIB	LMIB	LM
HTWa1852	LMIB	LMIB	LM
HTWa1853	LMIB	LMIB	LM
HTWa1854	LMIB	LMIB	LM
HTWa1855	LMIB		LM
HTWa1856	LMIB		LM
HTWa1857	LMIB		LM
HTWa1858	LMIB		LM
HTWa1859	LMIB		LM
HTWa1860	LMIB		LM
HTWa1861	LMIB		LM
HTWb229	LMIB		LM
HTWb2001	LMIB		LM
HTWb2002	LMIB		LM
HTWc3001	LMIB	LMIB	LM
HTWc3002	LMIB	LMIB	LM
HTWc3003	LMIB	LMIB	LM
HTWc3004	LMIB	LMIB	LM
HTWc3005	LMIB	LMIB	LM
HTWc3006	LMIB	LMIB	LM
HTWc3007	LMIB	LMIB	LM
HTWc3008	LMIB	LMIB	LM
HTWc3009	LMIB	LMIB	LM
HTWc3010	LMIB	LMIB	LM
HTWc3011	LMIB	LMIB	LM
HTWc3012	LMIB	LMIB	LM
HTWc3013	LMIB	LMIB	LM
HTWc3014	LMIB	LMIB	LM
HTWc3015	LMIB	LMIB	LM
HTWc3016	LMIB	LMIB	LM
HTWc3017	LMIB	LMIB	LM
HTWc<3018>	LMIB		LM
HTWc3019	LMIB	LMIB	LM
HTWc3021	LMIB		LM
HTWc3022		LMIB	LM
HTWc3023	LMIB		LM
HTWc3024	LMIB		LM
HTWd1617	LMIB		LM
HTWd1663	LMIB		LM
HTWeWc3020	LMIB		LM
HTZb158a	LMIB	LMIB	LM
HTZb158b	LMIB	LMIB	LM
HTZb159	LMIB	LMIB	LM
HTZb160	LMIB	LMIB	LM
HTZb161	LMIB	LMIB	LM
HTZb162	LMIB		LM
HTZb162bis	LMIB		LM
HTZd155	LMIB	LMIB	LM
HTZd157+156	LMIB		LM
HTZf163	LMIB		LM
HTZf164	LMIB		LM
HTZf165	LMIB		LM
HTZf166	LMIB		LM
HTZf167	LMIB		LM
HTZf168	LMIB		LM
HTZf169	LMIB		LM
HTZg163	LMIB		LM
IOZa<1>			
IOZa2			
IOZa3			
IOZa4			
IOZa5			
IOZa6	LMIA		LM
IOZa7	LMI		LM
IOZa8	LMI		LM
IOZa9			
IOZb10	LMI		LM
IOZa11			
IOZa12	LMI		LM
IOZa13			
IOZa14			
IOZa15			
IOZa16			
KAZf1			
KAMZb1			
KANZa1			
KE1	MMIII		MM
KEWc2	MMIII		MM
KEZb3	LMIB		LM
KEZb4	MMIII		MM
KEZb5	LMIB		LM
KEZb6			
KEZb7			
KH1		LMIB	LM
KH2		LMIB	LM
KH3		LMIB	LM
KH4		LMIB	LM
KH5	LMIB	LMIB	LM
KH6	LMIB	LMIB	LM
KH7a		LMIB	LM
KH7b		LMIB	LM
KH8	LMIB	LMIB	LM
KH9	LMIB	LMIB	LM
KH10	LMIB	LMIB	LM
KH11	LMIB	LMIB	LM
KH12	LMIB	LMIB	LM
KH13	LMIB	LMIB	LM
KH14	LMIB	LMIB	LM
KH15	LMIB	LMIB	LM
KH16	LMIB	LMIB	LM
KH17	LMIB	LMIB	LM
KH18	LMIB	LMIB	LM
KH19	LMIB	LMIB	LM
KH20	LMIB	LMIB	LM
KH21	LMIB	LMIB	LM
KH22	LMIB	LMIB	LM
KH23	LMIB	LMIB	LM
KH24	LMIB	LMIB	LM
KH25	LMIB	LMIB	LM
KH26	LMIB	LMIB	LM
KH27	LMIB	LMIB	LM
KH28	LMIB	LMIB	LM
KH29	LMIB	LMIB	LM
KH30	LMIB	LMIB	LM
KH31	LMIB	LMIB	LM
KH32	LMIB	LMIB	LM
KH33	LMIB	LMIB	LM
KH34	LMIB	LMIB	LM
KH35	LMIB	LMIB	LM
KH36	LMIB	LMIB	LM
KH37	LMIB	LMIB	LM
KH38	LMIB	LMIB	LM
KH39	LMIB	LMIB	LM
KH40	LMIB	LMIB	LM
KH41	LMIB	LMIB	LM
KH42	LMIB	LMIB	LM
KH43	LMIB	LMIB	LM
KH44	LMIB	LMIB	LM
KH45	LMIB	LMIB	LM
KH46	LMIB	LMIB	LM
KH47	LMIB	LMIB	LM
KH49	LMIB	LMIB	LM
KH50	LMIB	LMIB	LM
KH51	LMIB	LMIB	LM
KH52	LMIB	LMIB	LM
KH53	LMIB	LMIB	LM
KH54	LMIB	LMIB	LM
KH55	LMIB	LMIB	LM
KH56	LMIB	LMIB	LM
KH57	LMIB	LMIB	LM
KH58	LMIB	LMIB	LM
KH59	LMIB	LMIB	LM
KH60	LMIB	LMIB	LM
KH61	LMIB	LMIB	LM
KH62	LMIB	LMIB	LM
KH63	LMIB	LMIB	LM
KH64	LMIB	LMIB	LM
KH65	LMIB	LMIB	LM
KH66	LMIB	LMIB	LM
KH67	LMIB	LMIB	LM
KH68+71	LMIB		LM
KH69	LMIB	LMIB	LM
KH70	LMIB	LMIB	LM
KH72	LMIB	LMIB	LM
KH73	LMIB	LMIB	LM
KH74	LMIB	LMIB	LM
KH75	LMIB	LMIB	LM
KH76	LMIB	LMIB	LM
KH77	LMIB	LMIB	LM
KH78	LMIB	LMIB	LM
KH79		LMIB	LM
KH79+89			
KH80	LMIB	LMIB	LM
KH81	LMIB	LMIB	LM
KH82	LMIB	LMIB	LM
KH83	LMIB	LMIB	LM
KH84	LMIB	LMIB	LM
KH85	LMIB	LMIB	LM
KH86	LMIB	LMIB	LM
KH87	LMIB		LM
KH88		LMIB	LM
KH90		LMIB	LM
KH91	LMIB	LMIB	LM
KH92		LMIB	LM
KH93		LMIB	LM
KH94		LMIB	LM
KH95		LMIB	LM
KH96		LMIB	LM
KH97a		LMIB	LM
KH97b		LMIB	LM
KH99		LMIB	LM
KH100	LMIIIA	LMIB	LM
KH101		LMIB	LM
KHWa1001	LMIB		LM
KHWa1002			
KHWa1003	LMIB	LMIB	LM
KHWa1004		LMIB	LM
KHWa1005	LMIB	LMIB	LM
KHWa1006		LMIB	LM
KHWa1007		LMIB	LM
KHWa1008		LMIB	LM
KHWa1009	LMIB	LMIB	LM
KHWa1010		LMIB	LM
KHWa1011	LMIB	LMIB	LM
KHWa1012	LMIB	LMIB	LM
KHWa1013	LMIB		LM
KHWa1014	LMIB		LM
KHWa1015			
KHWa1016	LMIB		LM
KHWa1017	LMIB	LMIB	LM
KHWa1018	LMIB	LMIB	LM
KHWa1019	LMIB	LMIB	LM
KHWa1020	LMIB	LMIB	LM
KHWc2001		LMIB	LM
KHWc2002		LMIB	LM
KHWc2003			
KHWc2004		LMIB	LM
KHWc2005		LMIB	LM
KHWc2006	LMIB	LMIB	LM
KHWc2007	LMIB	LMIB	LM
KHWc2008	LMIB	LMIB	LM
KHWc2009	LMIB	LMIB	LM
KHWc2010	LMIB	LMIB	LM
KHWc2011	LMIB	LMIB	LM
KHWc2012	LMIB	LMIB	LM
KHWc2013	LMIB	LMIB	LM
KHWc2014	LMIB	LMIB	LM
KHWc2015	LMIB	LMIB	LM
KHWc2016	LMIB	LMIB	LM
KHWc2017	LMIB	LMIB	LM
KHWc2018	LMIB	LMIB	LM
KHWc2019	LMIB	LMIB	LM
KHWc2020	LMIB	LMIB	LM
KHWc2021	LMIB	LMIB	LM
KHWc2022	LMIB	LMIB	LM
KHWc2023	LMIB	LMIB	LM
KHWc2024	LMIB	LMIB	LM
KHWc2025	LMIB	LMIB	LM
KHWc2026	LMIB	LMIB	LM
KHWc2027	LMIB	LMIB	LM
KHWc2028	LMIB	LMIB	LM
KHWc2029	LMIB	LMIB	LM
KHWc2030		LMIB	LM
KHWc2031	LMIB	LMIB	LM
KHWc2032	LMIB	LMIB	LM
KHWc2033	LMIB	LMIB	LM
KHWc2034	LMIB	LMIB	LM
KHWc2035	LMIB	LMIB	LM
KHWc2036	LMIB	LMIB	LM
KHWc2037	LMIB	LMIB	LM
KHWc2038	LMIB	LMIB	LM
KHWc2039	LMIB	LMIB	LM
KHWc2040	LMIB	LMIB	LM
KHWc2041	LMIB	LMIB	LM
KHWc2042	LMIB	LMIB	LM
KHWc2043	LMIB	LMIB	LM
KHWc2044		LMIB	LM
KHWc2045	LMIB	LMIB	LM
KHWc2046	LMIB	LMIB	LM
KHWc2047	LMIB	LMIB	LM
KHWc2048	LMIB	LMIB	LM
KHWc2049	LMIB	LMIB	LM
KHWc2050	LMIB	LMIB	LM
KHWc2051	LMIB	LMIB	LM
KHWc2052	LMIB	LMIB	LM
KHWc2053	LMIB	LMIB	LM
KHWc2054	LMIB	LMIB	LM
KHWc2055	LMIB	LMIB	LM
KHWc2056	LMIB	LMIB	LM
KHWc2057	LMIB	LMIB	LM
KHWc2058	LMIB	LMIB	LM
KHWc2092			
KHWc2091			
KHWc2059		LMIB	LM
KHWc2060	LMIB	LMIB	LM
KHWc2061	LMIB	LMIB	LM
KHWc2062	LMIB	LMIB	LM
KHWc2063	LMIB		LM
KHWc2064	LMIB	LMIB	LM
KHWc2065	LMIB	LMIB	LM
KHWc2066	LMIB	LMIB	LM
KHWc2067	LMIB	LMIB	LM
KHWc2068	LMIB	LMIB	LM
KHWc2069	LMIB	LMIB	LM
KHWc2070	LMIB	LMIB	LM
KHWc2074	LMIB		LM
KHWc2079	LMIB		LM
KHWc2084	LMIB	LMIB	LM
KHWc2088			
KHWc2089			
KHWc2095	LMIB		LM
KHWc2097	LMIB	LMIB	LM
KHWc2096			
KHWc2098	LMIB	LMIB	LM
KHWc2099	LMIB	LMIB	LM
KHWc2100	LMIB	LMIB	LM
KHWc2101	LMIB	LMIB	LM
KHWc2102	LMIB	LMIB	LM
KHWc2103	LMIB	LMIB	LM
KHWc2104	LMIB	LMIB	LM
KHWc2105	LMIB	LMIB	LM
KHWc2106	LMIB	LMIB	LM
KHWc2109	LMIB	LMIB	LM
KHWc2110	LMIB	LMIB	LM
KHWc2111	LMIB	LMIB	LM
KHWc2113	LMIB	LMIB	LM
KHWc2114	LMIB	LMIB	LM
KHWc2115	LMIB	LMIB	LM
KHWc2117	LMIIIA	LMIB	LM
KHWc2118		LMIB	LM
KHWc2121			
KHWc2122	LMIB		LM
KHWc2123			
KHWc2124			
KHZb98	MMIII		MM
KN1a		LMIA	LM
KN1b		LMIA	LM
KN2		LMIA	LM
KN22a			
KN22b			
KN22c		LMIA	LM
KN28a		LMIA	LM
KN28b		LMIA	LM
KN32a			
KN32b			
KN54			
KN49		MMIIA	MM
KNWa50			
KNWb33		MMIIIB	MM
KNWb50			
KNWb51			
KNWc3	MMIIIB	MMIIIB	MM
KNWc23			
KNWc26			
KNWc29	MMIIIB	MMIIIB	MM
KNWc30	MMIIIB	MMIIIB	MM
KNWc42			
KNWc43			
KNWc48			
KNZa10	LMIA	LMIA	LM
KNZa17		LMIA	LM
KNZa18		LMIA	LM
KNZa19			
KNZb4			
KNZb5	MMIIIB	MMIIIB	MM
KNZb20	LMIA	LMIA	LM
KNZb<27>	MMIIIB		MM
KNZb34		LMIA	LM
KNZb35		MMIII	MM
KNZb<36>			
KNZb<37>			
KNZb<38>			
KNZb<39>			
KNZb40		LMII	LM
KNZb52	LMIA		LM
KNZb56			
KHZc106			
KNZc6		MMIII	MM
KNZc7		MMIII	MM
KNZd46			
KNZe16		LMII	LM
KNZe44			
KNZe45			
KNZe49			
KNZe56			
KNZf13	LMIA	MMIII	CONFLICT
KNZf31			
KNZg<21>	LMIA		LM
KNZg55	LMI		LM
KOZa1			
KOZf2			
KYZa2			
KYZg1	LMIA		LM
LAZb1(bis)			
MA1a		MMIIIB	MM
MA1b		MMIIIB	MM
MA1c		MMIIIB	MM
MA2a		MMIIIB	MM
MA2b		MMIIIB	MM
MA2c		MMIIIB	MM
MA4a		MMIIIB	MM
MA4b		MMIIIB	MM
MA6a		MMIIIB	MM
MA6b		MMIIIB	MM
MA6c		MMIIIB	MM
MA6d		MMIIIB	MM
MA9	MMIII	MMIIIB	MM
MA10a		MMIIIB	MM
MA10b		MMIIIB	MM
MA10c		MMIIIB	MM
MA10d		MMIIIB	MM
MAWc<5>			
MAWc7	MMIIIB	MMIIIB	MM
MAZb15			
MAZb8	LMIA		LM
MAZe11			
MARGWa1-26			
MI2		LMI	LM
MIZb1			
MIZb3			
MILZb1			
MOZb2?			
MOZb3?			
MOZf1			
MYZf1			
MYZf2			
MYZg1			
NEZa1			
PA1		LMIB	LM
PE1		LMIB	LM
PE2		LMIB	LM
PEWs			
PEWy5			
PEZb			
PEZb3	LMIB		LM
PEZb7	LMIB		LM
PEZb8	LMIB		LM
PEZc4	LMIB		LM
PEZg5	LMIB		LM
PEZg6			
PETSWc			
PH1a		MMIIIB	MM
PH1b		MMIIIB	MM
PH2			
PH3a		MMIIIB	MM
PH3b		MMIIIB	MM
PH6	MMII	MMIIB	MM
PH7a		MMIIB	MM
PH7b		MMIIB	MM
PH8a		MMIIB	MM
PH8b		MMIIB	MM
PH9a		MMIIB	MM
PH9b		MMIIB	MM
PH10	MMII	MMIIB	MM
PH11	MMII		MM
PH12a		MMIIB	MM
PH12b		MMIIB	MM
PH12c		MMIIB	MM
PH13a		MMIIB	MM
PH13b		MMIIB	MM
PH13c		MMIIB	MM
PH14a		MMIIB	MM
PH14b		MMIIB	MM
PH15a		MMIIB	MM
PH15b		MMIIB	MM
PH16a		MMIIB	MM
PH16b		MMIIB	MM
PH17a		MMIIB	MM
PH17b		MMIIB	MM
PH18a		MMIIB	MM
PH18b		MMIIB	MM
PH19	MMII	MMIIB	MM
PH22a		MMIIB	MM
PH22b		MMIIB	MM
PH24	MMII	MMIIB	MM
PH25	MMII	MMIIB	MM
PH26	MMII	MMIIB	MM
PH27	MMII	MMIIB	MM
PH28a		MMIIB	MM
PH28b		MMIIB	MM
PH29a			
PH29b			
PH30	MMII	MMIIB	MM
PH31a			
PH31b			
PHWa32	MMIII	MMIII	MM
PHWb33	MMII	MMII	MM
PHWb34	MMII	MMII	MM
PHWb35	MMII	MMII	MM
PHWb36	MMII	MMII	MM
PHWb55	MMII		MM
PHWc37	MMII	MMII	MM
PHWc38	MMII	MMII	MM
PHWc39	MMII	MMII	MM
PHWc40	MMII	MMII	MM
PHWc41	MMII	MMII	MM
PHWc43	MMII	MMII	MM
PHWc44	MMII	MMII	MM
PHWc46	MMII	MMII	MM
PHWg45	MMII		MM
PHWy42	MMII		MM
PHZb4			
PHZb5			
PHZb<47>	MMIII		MM
PHZb48	MMIII		MM
PK1	LMI	LMI	LM
PK3			
PKZa4			
PKZa8			
PKZa9			
PKZa10			
PKZa11			
PKZa12			
PKZa14			
PKZa15			
PKZa16			
PKZa17			
PKZa18			
PKZa20			
PKZb?			
PKZb19			
PKZb21			
PKZb23			
PKZb24			
PKZb25			
PKZc13			
PKZg22			
PLZf1			
POZc1	LMIIIA		LM
PRZa1	LMIA		LM
PSZa2			
PSIZa1	LMIB		LM
PSIZa2	LMIB		LM
PYR1	LMIB		LM
PYR2			
PYRWc4			
PYRZb5	LMI		LM
SAMWa1	MMII		MM
SAMWe4			
SEZf1			
SIZg1			
SKZb1			
SKOZc1			
SYZa1	MMIIIB		MM
SYZa2	LMI		LM
SYZa3	LMIA		LM
SYZa4	LMIA		LM
SYZa5			
SYZa6	MMIIIA		MM
SYZb7			
SYZa8	LMIA		LM
SYZa9	LMIA		LM
SYZa10	LMIA		LM
SYZa11	LMIA		LM
SYZa12	LMIA		LM
TELZb1			
THEfr.1			
THEfr.2			
THEfr.3			
THEtab.4			
THEtab.5			
THEtab.6			
THEZb1			
THEZb2	LMIA		LM
THEZb3	LMIA		LM
THEZb4	LMIA		LM
THEZg5			
THEZb5			
THEZb7			
THEZb13			
TIZb1			
TLZa1			
TRAZb1			
TROZg1			
TROZg2			
TRYZb1			
TY2		LMIB	LM
TY3a		LMIB	LM
TY3b		LMIB	LM
TYWc5			
TYZb4			
TYZg1	LMI		LM
VRYZa1			
ZA1a		LMI	LM
ZA1b		LMI	LM
ZA4a		LMIB	LM
ZA4b		LMIB	LM
ZA5a		LMIB	LM
ZA5b		LMIB	LM
ZA6a		LMIB	LM
ZA6b		LMIB	LM
ZA7a		LMIB	LM
ZA7b		LMIB	LM
ZA8	LMIB	LMIB	LM
ZA9	LMIB	LMIB	LM
ZA10a		LMIB	LM
ZA10b		LMIB	LM
ZA11a		LMIB	LM
ZA11b		LMIB	LM
ZA12a		LMIB	LM
ZA12b		LMIB	LM
ZA13		LMIB	LM
ZA14	LMIB	LMIB	LM
ZA15a		LMIB	LM
ZA15b		LMIB	LM
ZA16	LMIB	LMIB	LM
ZA17			
ZA18a		LMIB	LM
ZA18b		LMIB	LM
ZA19		LMIB	LM
ZA20	LMIB	LMIB	LM
ZA21a		LMIB	LM
ZA21b		LMIB	LM
ZA22		LMIB	LM
ZA23		LMIB	LM
ZA24a		LMIB	LM
ZA24b		LMIB	LM
ZA25		LMIB	LM
ZA26a		LMIB	LM
ZA26b		LMIB	LM
ZA27		LMIB	LM
ZA28		LMIB	LM
ZA29		LMIB	LM
ZA30		LMIB	LM
ZA31		LMIB	LM
ZA32		LMIB	LM
ZA33		LMIB	LM
ZAWa36			
ZAWa38			
ZAWb37			
ZAWc2	LMIB	LMIB	LM
ZAZb3	LMIB		LM
ZAZb34	LMIB		LM
ZAZg34			
ZAZg35	LMIA		LM
ANZb1			
APZa<3>			
APZa1			
APZa2			
ARZf1			
ARZf2			
ARGZg1			
ARKH1a		LMI	LM
ARKH1b		LMI	LM
ARKH2	LMIB	LMI	LM
ARKH3a		LMI	LM
ARKH3b		LMI	LM
ARKH4a		LMI	LM
ARKH4b		LMI	LM
ARKH5	LMIB	LMI	LM
ARKH6	LMIB	LMI	LM
ARKH7	LMIB	LMI	LM
ARKHZc8	MMIA		MM
ARKHZf9	LMI		LM
ARMZg1	MMII		MM
CRZf1			
CRZf5			
CRZg3			
CRZg4			
FOZc1			
GO2r			
GO2v			
GOWc1a		LMIB	LM
GOWc1b		LMIB	LM
GOWc3	LMIB		LM
HSZg1		MHIII	MH
MILZb2			
MILZb3			
MILZb4			
KH102	LMIIIA	LMI	LM
PORZf2			
PKZb26			
ZAZb39			
THEZb15			
KNsceau			
KE6		LMIB	LM
KH103		LMI	LM
KNWa51			
THEZb6			
PHWa52	MMII		MM
DRAZg1			
INZb1			
PKZa27			
HTZf(HM767)	LMIB		LM
ZO1			
ZOZa1			
LACHZa1			
PH54		MMIIIA	MM
PKZa28			
KKHZb1	LMIB		LM
KH104		LMI	LM
KH105		LMI	LM
THEZg15			
THEZg16			
VRYZb2			
VRYZb3			
KNZg57a			
KNZg57b			
KNZg58			
